CF_15385129.txt	Natural History
CF_15385129.txt	Solanum americanum Miller Bruce F. Hansen
CF_15385129.txt	Florida Gainesville, Florida
CF_15385129.txt	Solanum americanum Mill
CF_15385129.txt	Gulf Coast Research and Education Center
CF_15385129.txt	James Gilreath
CF_15383602.txt	Solanaceae Armed
CF_15383602.txt	Walker Ranch
CF_15383602.txt	Osceola Co.
CF_15383602.txt	Rani Vajravelu
CF_15383602.txt	Rani Vajravelu
CF_15385064.txt	Natural History
CF_15385064.txt	Gainesville, Florida,
CF_15385064.txt	Torch Key, Monroe County
CF_15385064.txt	David W.
CF_15383045.txt	Altamonte Springs, Florida Florida
CF_15383829.txt	Oxalis violacea Found
CF_15383829.txt	Eric Hoeppner
CF_15383829.txt	Eric Hoeppner
CF_15383374.txt	T22S-
CF_15383374.txt	GROWING
CF_15383374.txt	SHUEY
CF_15383374.txt	SHUEY
CF_15383532.txt	Florida Solanum
CF_15383532.txt	L. Solanaceae Orange
CF_15383532.txt	Winter Park
CF_15383532.txt	Bishop Park
CF_15383532.txt	Marisa Tishman
CF_15383532.txt	Marisa Tishman
CF_15385013.txt	Natural History
CF_15385013.txt	Solanum americanum Miller Bruce F. Hansen
CF_15385013.txt	Solanum americanum Mill
CF_15385013.txt	Co.:Cockroach Bay Estuary
CF_15385013.txt	David R. Lindsey
CF_15385013.txt	Seal Copyright
CF_15383863.txt	Lake Silver
CF_15383863.txt	James Wojciak
CF_15383863.txt	James Wojciak
CF_15383445.txt	Florida
CF_15387408.txt	Florida Solanum
CF_15387408.txt	Escambia Co., near Pensacola
CF_15387408.txt	Ellyson Industrial
CF_15387408.txt	McLemaore Dr. Vigorous
CF_15387408.txt	With Gnaphalium
CF_15387408.txt	James R. Bu
CF_15383568.txt	SHUEY
CF_15383568.txt	SHUEY
CF_15387567.txt	Flora of Santa Rosa Island Oxalis
CF_15387567.txt	Santa Rosa
CF_15387567.txt	Santa Rosa
CF_15387567.txt	Navarre Beach
CF_15387567.txt	With Smilax
CF_15387567.txt	James R. Bu
CF_15383184.txt	Peace River
CF_15383184.txt	Payne Creek, Hardee
CF_15383184.txt	J.H.Willson
CF_15388156.txt	Natural History
CF_15388156.txt	T10S, R19E University of Florida Campus, Gainesville
CF_15388156.txt	O'Connell Center
CF_15388156.txt	Solanum americanum Miller
CF_15388156.txt	Dan Skean, Jr.
CF_15388156.txt	Dan Skean
CF_15388156.txt	Bruce F. Hansen
CF_15386840.txt	Natural History
CF_15386840.txt	Agricultural Experiment Station Plants
CF_15386840.txt	Dupont-Ball Library, Stetson University
CF_15386840.txt	, Volusia County
CF_15386840.txt	Dan Smalley
CF_15383888.txt	L. Oxalidaceae
CF_15383888.txt	Palatlakaha Park
CF_15383888.txt	Cassidy R. Caldwell
CF_15383888.txt	Cassidy R. Caldwell
CF_15385506.txt	SRIMENT
CF_15385506.txt	Natural History
CF_15385506.txt	Agricultural Experiment Station Plants
CF_15385506.txt	Pearly Gates
CF_15385506.txt	Lake City
CF_15385506.txt	Columbia County
CF_15385506.txt	Ben Whitty
CF_15383173.txt	Turkey Lake Park, Orange County
CF_15383173.txt	Sam Hopkins
CF_15382968.txt	Florida Calystegia
CF_15382968.txt	Limnophila (Green)
CF_15382968.txt	Brummitt Convolvulaceae Orange
CF_15382968.txt	Tosohatchee Wildlife Management
CF_15382968.txt	Power Line Road
CF_15382968.txt	Scott M. Livingston
CF_15382968.txt	Scott M. Livingston
CF_15385925.txt	Natural History
CF_15385925.txt	Agricultural Experiment Station Plants
CF_15385925.txt	Eglin Air Force Reservation Ipomoea
CF_15385925.txt	Pearl Creek
CF_15385925.txt	Crestview, S9, T2N, R23W, Okaloosa County
CF_15387429.txt	Florida Solanum americanum Miller
CF_15387429.txt	Plymouth, Lake
CF_15387429.txt	May 9,1976
CF_15387429.txt	J. Daubenmire
CF_15383846.txt	Iman Plants
CF_15383846.txt	Oxalis debilis Kunth
CF_15383846.txt	Oxalidaceae Orange
CF_15383846.txt	Roots with bulb,
CF_15383846.txt	Jason Seyfert
CF_15383846.txt	Jason Seyfert
CF_15385608.txt	LORID University
CF_15385608.txt	Sweet LEON
CF_15385608.txt	Locally established, climbing over shrubs and into trees bordering parking lot just off Calhoun Street
CF_15385608.txt	Carolina Stree
CF_15385608.txt	Florida State University, Tallahassee
CF_15383200.txt	Hallier f. Condolvulaceae Orange
CF_15383200.txt	Sonya Persaud
CF_15383200.txt	Sonya Persaud
CF_15383389.txt	S15 T22S
CF_15383389.txt	R30E Orange
CF_15383389.txt	Sam Hopkins
CF_15383267.txt	Ipomoea pes-Caprde Convolvulaceae
CF_15383176.txt	Convolvulaceae Seminole
CF_15383176.txt	Chuluota Wilderness
CF_15383176.txt	Marisa Tishman
CF_15383176.txt	Marisa Tishman
CF_15386219.txt	Natural History
CF_15386219.txt	L. Richard P. Wunderlin
CF_15386219.txt	L. Flower
CF_15386219.txt	S. of LaBelle
CF_15386219.txt	Hendry County
CF_15386219.txt	Dallas B. Townsend
CF_15387178.txt	Dioscorea bulbifera L. Franklin
CF_15387178.txt	Avenue E
CF_15387178.txt	James R. Bu
CF_15383839.txt	Florida Oxalis debilis Kunth
CF_15383839.txt	Oxalidaceae Orange
CF_15383839.txt	An Buddhist Temple
CF_15383839.txt	Apopka Vineland
CF_15383839.txt	N
CF_15383839.txt	Khai Huynh
CF_15383839.txt	Khai Huynh
CF_15383246.txt	SHUEY
CF_15383246.txt	SHUEY
CF_15383871.txt	Sweetwater Park, Oviedo Florida
CF_15383871.txt	Pattie Alberson
CF_15386933.txt	Herbarium Florida Museum of Natural History
CF_15386933.txt	Florida Oxalis
CF_15386933.txt	A. Rich
CF_15386933.txt	Petals blue
CF_15386933.txt	Moss Avenue
CF_15386933.txt	Leesburg, Lake County
CF_15386933.txt	M. Baltzell
CF_15383450.txt	Florida Brugmansia
CF_15383450.txt	Solanaceae Seminole
CF_15383450.txt	Longwood,
CF_15383450.txt	Whispering Winds
CF_15383450.txt	Misty Morn
CF_15383450.txt	Chelsea Dowell
CF_15383450.txt	Chelsea Dowell
CF_15383399.txt	L. 6 Broward
CF_15383399.txt	Banks of North New River, Ferncrest Road
CF_15383399.txt	Flora of Subtropical Florida'' Seal Copyright State of Florida
CF_15383260.txt	Convolvulaceae Ipomoea
CF_15383260.txt	Morning glory Orange
CF_15383260.txt	South Palm
CF_15383260.txt	Shirley Bridgman
CF_15383260.txt	Shirley Bridgman
CF_15383533.txt	Florida Solanum
CF_15383533.txt	L. Solanaceae Orange
CF_15383533.txt	Juno Ave
CF_15383533.txt	Lourdes Rios
CF_15383533.txt	Lourdes Rios
CF_15386058.txt	Natural History
CF_15386058.txt	Agricultural Experiment Station Ipomoea sagittata Poir
CF_15386058.txt	Titusville, Brevard County
CF_15383826.txt	Oxalis violacea Oxalidaceae Orange County, Florida
CF_15383826.txt	Barbara P. Davis
CF_15383903.txt	L. OXALIDACEAE
CF_15383903.txt	Oviedo, 2483
CF_15383903.txt	Richard Campanale
CF_15383903.txt	Richard Campanale
CF_15382952.txt	Convolvulaceae Ipomea tenvissima Orange County
CF_15382952.txt	St. Johns River Plate
CF_15382952.txt	Earl Bellemore
CF_15382952.txt	Earl Bellemore
CF_15383956.txt	Ipomoea macrorhiza Michx
CF_15383956.txt	Escambia Co., near Pensacola
CF_15383956.txt	James R. Burkhalter
CF_15383448.txt	NOCTURNUM
CF_15383448.txt	E
CF_15383448.txt	AG, SHUEY
CF_15383448.txt	A.G.SHUEY
CF_15383933.txt	Ipomoea hederacea Jacq
CF_15383933.txt	Escambia Co., near Pensacola
CF_15383933.txt	James R. Burkhalter
CF_15383472.txt	SHUEY
CF_15384927.txt	Natural History
CF_15384927.txt	Solanum americanum Miller
CF_15384927.txt	Bruce F. Hansen
CF_15384927.txt	County Volusia Solamam
CF_15384927.txt	Solanum nodiflorum Jacq
CF_15384927.txt	E. Plymouth
CF_15384927.txt	Solanum americanum Mill
CF_15385105.txt	Natural History
CF_15385105.txt	Gainesville, Florida, U.S.A.
CF_15385105.txt	Lycium carolinianum Walt
CF_15385105.txt	Cockroach Bay
CF_15385105.txt	Christian H. Miller
CF_15385105.txt	Tammera M. Lee
CF_15383529.txt	M.D. Box 262 Altamonte Springs, Florida
CF_15383178.txt	Convolvulaceae Orange
CF_15383178.txt	Lake Buena
CF_15383178.txt	Walt Disney World
CF_15383178.txt	Samuel B. Hopkins
CF_15383178.txt	Samuel B. Hopkins
CF_15383275.txt	SHUEY
CF_15383275.txt	SHUEY
CF_15383473.txt	T225-R37E-13 E
CF_15383473.txt	SHUEY
CF_15383033.txt	SOIL
CF_15383033.txt	SHUEY
CF_15383033.txt	SHUEY
CF_15384956.txt	Natural History
CF_15384956.txt	Palm Beach
CF_15384956.txt	Singer Island
CF_15384956.txt	North Palm Beach
CF_15384956.txt	L. McCart
CF_15387198.txt	Florida Dioscorea
CF_15387198.txt	Washington Co.
CF_15387198.txt	Holmes Creek
CF_15387198.txt	Catfish Alley
CF_15387198.txt	R16W, T2N, Sec 16
CF_15387198.txt	With Trachelospermum
CF_15387198.txt	James R. Bu
CF_15387198.txt	R. A. Snyder
CF_15382985.txt	Convolvulaceae Orange
CF_15382985.txt	Tosohatchee Wildlife Management
CF_15382985.txt	Taylor Creek
CF_15382985.txt	Juncus effusus
CF_15382985.txt	Marisa Tishman
CF_15382985.txt	Marisa Tishman
CF_15383904.txt	L. Oxalidaceae
CF_15383904.txt	, Umatilla Florida
CF_15383904.txt	Found on Glick
CF_15383904.txt	Jessica Lee Pirkey
CF_15383904.txt	Jessica Lee Pirkey
CF_15385555.txt	Natural History
CF_15385555.txt	Agricultural Experiment Station Plants
CF_15385555.txt	Pumta Rassa
CF_15385555.txt	Tin Myint
CF_15383037.txt	SOIL
CF_15383037.txt	SHUEY
CF_15383037.txt	SHUEY
CF_15383218.txt	Hallier f. Convolvulaceae Lake
CF_15383218.txt	Mount Plymouth
CF_15383218.txt	Rexford and Jean Daubenmire
CF_15383218.txt	Rexford Daubenmire
CF_15383984.txt	S E
CF_15383984.txt	Sweet Santa Rosa
CF_15383984.txt	Santa Rosa
CF_15383984.txt	Eglin Air Force Base
CF_15383984.txt	With Cakile
CF_15383984.txt	James R. Burkhalter
CF_15386319.txt	Natural History
CF_15386319.txt	Coconut Grove
CF_15386319.txt	Atwater M-32
CF_15386319.txt	G. Atwater
CF_15383494.txt	, New Smyrna Beach
CF_15383494.txt	į BURMA
CF_15383494.txt	G. MARTZ
CF_15383468.txt	Curtisse Clociñed Cherry
CF_15383468.txt	Seymour
CF_15383280.txt	Students use the
CF_15383280.txt	u o Changer
CF_15383280.txt	SHUEY
CF_15383280.txt	SHUEY
CF_15383077.txt	Ipomoea Coccinea
CF_15383077.txt	L. CONVOLVULACEAE
CF_15383077.txt	Marion County
CF_15383077.txt	Sam Hopkins
CF_15383201.txt	Hallier f. Convolvulaceae Orange County
CF_15383201.txt	Park Maitland Villas
CF_15383201.txt	Kate L. Groninger
CF_15383201.txt	Kate L. Groninger
CF_15383626.txt	Seminole County
CF_15383626.txt	Sheryl Shinn
CF_15387505.txt	Plants of Oxalis
CF_15387505.txt	L. Escambia
CF_15387505.txt	Ellyson Industrial
CF_15387505.txt	James R. Burkhalter
CF_15384100.txt	Name Ipomoea
CF_15384100.txt	Location Other
CF_15384100.txt	James R. Burkhalter
CF_15384100.txt	Oliver Freeman
CF_15383528.txt	M.D. Box 262 Altamonte Springs
CF_15383528.txt	Florida
CF_15384660.txt	Natural History
CF_15384660.txt	Agricultural Experiment Station Plants
CF_15384660.txt	Main St., Lake Hamilton, Polk County
CF_15385633.txt	Florida Gainesville, Florida, U.S.A.
CF_15385633.txt	Alachua Co., Florida
CF_15385633.txt	, Gainesville
CF_15385633.txt	Robert Ing
CF_15383206.txt	Alamo vine Vacant
CF_15383206.txt	Mascotte, Lake County
CF_15383206.txt	Sam Hopkins
CF_15386838.txt	Agricultural Experiment Station Plants
CF_15386838.txt	, Boynton Road
CF_15386838.txt	Boynton Beach, Palm Beach County
CF_15386838.txt	Robert S. Pryor
CF_15383096.txt	alba L. Convolvulaceae Orange
CF_15383096.txt	Magnolia and Hillside Drive
CF_15383096.txt	Amethyst Strickland
CF_15383096.txt	Amethyst Strickland
CF_15383491.txt	SHUEY
CF_15383491.txt	SHUEY
CF_15382973.txt	Florida Calystegia
CF_15382973.txt	Convolvulaceae Orange
CF_15382973.txt	Tosohatchee Wildlife Management
CF_15382973.txt	Taylor Creek Road, Marsh
CF_15382973.txt	Gabrielle Cerep
CF_15383856.txt	John Duncan
CF_15383290.txt	SHUEY
CF_15383290.txt	SHUEY
CF_15383095.txt	Ipomoea alba L. Convolvulaceae
CF_15383095.txt	Pine Island Road Between Tamiami Trail and North Cleveland
CF_15383095.txt	Myers Florida
CF_15383095.txt	Jessica Lee Pirkey
CF_15383095.txt	Jessica Lee Pirkey
CF_15387112.txt	, University of Central Florida
CF_15387112.txt	SHUEY
CF_15387112.txt	SHUEY
CF_15382790.txt	Tallahassee PLANTS
CF_15382790.txt	Convolvulus Nashii
CF_15382790.txt	Kodak Gray
CF_15382790.txt	Brummitt Sandy
CF_15382790.txt	St. Mark
CF_15382790.txt	Wildlife Refuge
CF_15386283.txt	Natural History
CF_15386283.txt	Gainesville, Florida, U.S.A.
CF_15386283.txt	Jacquemontia tamnifolia
CF_15386283.txt	L.) Griseb
CF_15386283.txt	Alachua Co., Florida
CF_15386283.txt	, Gainesville
CF_15386283.txt	Robert Ing
CF_15383861.txt	latifolia Kunth Oxalidaceae Seminole
CF_15383861.txt	Winter Springs
CF_15383861.txt	Dolphin Street
CF_15383861.txt	Sharon Carter
CF_15383861.txt	Sharon Carter
CF_15387070.txt	Flora of Santa Rosa Island Cuscuta compacta Juss
CF_15387070.txt	Escambia Co., W of Pensacola Beach
CF_15387070.txt	Santa Rosa
CF_15387070.txt	Battery Truman
CF_15387070.txt	Parasitic on Ilex
CF_15387070.txt	James R. Burkhalter
CF_15383394.txt	Florida Dioscorea bulbifera L. Dioscoreaceae Orange
CF_15383394.txt	Lake Claire
CF_15383394.txt	Sonya Persaud
CF_15383394.txt	Sonya Persaud
CF_15383239.txt	Convolvulaceae Ipomea
CF_15383239.txt	Barbara Kohler
CF_15383239.txt	Barbara Kohler
CF_15383245.txt	Convolvulaceae Prairie Lakes State Park Osceola
CF_15383167.txt	Florida Stylisma
CF_15383167.txt	House Convolvulaceae Seminole
CF_15383167.txt	Jim Bruton
CF_15383167.txt	Jim Bruton
CF_15383213.txt	LEADING
CF_15383213.txt	SHUEY
CF_15383213.txt	SHUEY
CF_15387219.txt	Florida Calibrachoa Santa Rosa
CF_15387219.txt	James R. Burkhalter
CF_15383523.txt	Petunia
CF_15383523.txt	Mills Road, Orlando
CF_15385132.txt	Natural History
CF_15385132.txt	Solanum americanum Miller Bruce F. Hansen
CF_15385132.txt	Florida Gainesville, Florida
CF_15385132.txt	Solanum americanum Mill
CF_15385132.txt	Gulf Coast Research and Education Center
CF_15385132.txt	James Gilreath
CF_15385248.txt	Natural History
CF_15385248.txt	Agricultural Experiment Station Plants
CF_15385248.txt	L. Petals
CF_15385248.txt	Cocoa, Brevard County
CF_15385248.txt	James T. Oxford
CF_15385687.txt	Natural History
CF_15385687.txt	Gainesville, Florida, U.S.A.
CF_15385687.txt	PAYNES
CF_15385687.txt	L. S. of Gainesville
CF_15385687.txt	T10S, R20E, sec
CF_15385687.txt	N. side
CF_15385687.txt	Sweetwater Branch
CF_15385687.txt	Branch, travelling to N.E. Twining
CF_15385687.txt	Alachua Sink
CF_15385687.txt	Janet C.
CF_15385687.txt	Easterday
CF_15383848.txt	Oxalis debilis Kunth Oxalidaceae
CF_15383848.txt	Orlando, University of Central Florida, outside Biology Building
CF_15383848.txt	Roland Taylor
CF_15383848.txt	Roland Taylor
CF_15383848.txt	RT-32 1 March
CF_15383481.txt	POPPLETON
CF_15383240.txt	Florida Ipomoea sagittata Poir
CF_15383240.txt	Convolvulaceae Orange
CF_15383240.txt	Orlando Wetlands Park
CF_15383240.txt	Orlando East Reclamation Site
CF_15383240.txt	Samuel B. Hopkins
CF_15383240.txt	Samuel B. Hopkins
CF_15383449.txt	Mead Gardens
CF_15383449.txt	Eric Hoeppner
CF_15383449.txt	Eric Hoeppner
CF_15386459.txt	Apalachicola]
CF_15383524.txt	Solanaceae Florida, Orange County, Orlando, Cultivated
CF_15383524.txt	Barbara Bradshaw
CF_15383536.txt	, University of Central Florida
CF_15383536.txt	Solanaceae L. Orange
CF_15383536.txt	Amethyst Strickland
CF_15383536.txt	Amethyst Strickland
CF_15383454.txt	Florida Physalis
CF_15383454.txt	Solanaceae Orange
CF_15383454.txt	Tosohatchee Wildlife Management
CF_15383454.txt	Taylor Creek
CF_15383454.txt	Marisa Tishman
CF_15383454.txt	Marisa Tishman
CF_15384099.txt	Florida Cuscuta
CF_15384099.txt	Jussieu Escambia
CF_15384099.txt	Parasitic on Centella
CF_15384099.txt	James R. Burkhaiter
CF_15387351.txt	Name Physalis
CF_15387351.txt	Location Escambia
CF_15387351.txt	Pensacola Beach
CF_15387351.txt	Santa Rosa
CF_15387351.txt	Pickens Rd
CF_15387351.txt	Battery Other Data Langdon
CF_15387351.txt	With Chloris
CF_15387351.txt	James R. Burkhalter
CF_15383755.txt	Oxalis Dillenii Jacquin
CF_15383755.txt	Liberty Sept.
CF_15383755.txt	Kodak Gray Scale Moirr
CF_15383866.txt	Oxalis corniculata Oxalidaceae "Sheep
CF_15383866.txt	Payne Creek State Historic Site
CF_15383866.txt	Bowling Green
CF_15383866.txt	J.H.Willson Determined
CF_15387449.txt	Pensacola, Escambia
CF_15387449.txt	Lee Likins
CF_15387250.txt	Flora of
CF_15387250.txt	Santa Rosa Island Lycopersicen
CF_15387250.txt	Escambia Co., Pensacola Beach
CF_15387250.txt	Santa Rosa
CF_15387250.txt	Alvin's Island Tropical Department Store
CF_15387250.txt	With Bidens
CF_15387250.txt	James R. Bu
CF_15387105.txt	Technical Name
CF_15387105.txt	Family Convulvaceae Locality Wildlife Refuge, Datel Playalinda Beach, Habitat
CF_15387105.txt	Titusville
CF_15383266.txt	Sam Hopkins
CF_15383266.txt	Walt Disney World Convolvulaceae
CF_15383266.txt	Located S. Melbourne, S. Disney
CF_15383266.txt	Larry W. Johnson
CF_15383117.txt	M.D. Box 262 Altamonte Springs
CF_15383117.txt	Florida
CF_15383031.txt	Ipomoea indica Convolvulaceae Seminole
CF_15383031.txt	Longwood; Moist
CF_15383031.txt	P. J. Latham
CF_15386920.txt	GAINESVILLE
CF_15386920.txt	Natural History
CF_15386920.txt	Agricultural Experiment Station Plants
CF_15386920.txt	Agricultural Experiment Station, s12, T10S, R19E, University of Florida, Gainesville, Alachua County
CF_15386920.txt	N. G. Fleck
CF_15386920.txt	N. G. F.
CF_15386024.txt	Agricultural Experiment Station Plants
CF_15386024.txt	L. Flowers
CF_15386024.txt	Escambia River
CF_15386024.txt	Quintette, 520, T2N, R30W, Escambia County
CF_15382743.txt	Kodak 3/Color
CF_15382743.txt	Roemer & Schultes
CF_15382743.txt	Kodak Gray
CF_15382743.txt	Environmental Protection
CF_15382743.txt	K. Craddock Burks
CF_15382743.txt	Florida State University
CF_15382743.txt	Tallahassee, Florida
CF_15382811.txt	SANCTUARY Loran C. Anderson
CF_15384039.txt	Plants of
CF_15384039.txt	Escambia Co. Ipomoea
CF_15384039.txt	Eric Englert
CF_15383859.txt	Oxalidaceae Vacant
CF_15383859.txt	Winter Park
CF_15383859.txt	Violet Brown
CF_15387427.txt	Flora of Santa Rosa Island Solanum americanın Mill
CF_15387427.txt	Okaloosa Co.
CF_15387427.txt	Walton Beach
CF_15387427.txt	Okaloosa Island
CF_15387427.txt	Santa Rosa
CF_15387427.txt	Miracle Strip
CF_15387427.txt	Emeral Coast Watersports
CF_15387427.txt	With Cynodon
CF_15387427.txt	James R. Bu
CF_15382910.txt	Kodak Color Control
CF_15382910.txt	Kodak 17 B
CF_15382910.txt	Agricultural Experiment Station Plants
CF_15382910.txt	Lake City
CF_15382910.txt	Ben Whitty
CF_15383853.txt	Oxalis debilis Kunth
CF_15383853.txt	Oxalidaceae Orange
CF_15383853.txt	Biological Sciences
CF_15383853.txt	Lourdes Rios
CF_15383853.txt	Lourdes Rios
CF_15383433.txt	Lycium carolinianum Walter Solanaceae Citrus
CF_15383433.txt	Beverly Hills
CF_15383433.txt	Clifton Place
CF_15383433.txt	Samuel B. Hopkins
CF_15383433.txt	Samuel B. Hopkins
CF_15383596.txt	Florida Solandra
CF_15383596.txt	Solanaceae Orange
CF_15383596.txt	Leeway Dr.
CF_15383596.txt	Kingswood Manor
CF_15383596.txt	Violet Brown
CF_15383596.txt	Violet Brown
CF_15384023.txt	Florida Ipomoea
CF_15384023.txt	L. Santa Rosa
CF_15384023.txt	School Ln
CF_15384023.txt	Pea Ridge
CF_15384023.txt	With Hyptis
CF_15384023.txt	James R. Burkhalter
CF_15382954.txt	Ipomoea Pan durata Brevard County, Florida
CF_15382954.txt	Barbara Kohler Barbara Kohler
CF_15383886.txt	L. Oxalidaceae Seminole
CF_15383886.txt	Canal St. Lawn
CF_15383886.txt	Jennifer Kinney
CF_15383886.txt	Jennifer Kinney
CF_15383090.txt	Sweet Convolulaceae
CF_15383090.txt	E.W. Jagodzinski
CF_15386322.txt	Natural History
CF_15386322.txt	Coconut Grove
CF_15386322.txt	G. Atwater
CF_15386322.txt	G. Atwater
CF_15387488.txt	Kodak 3/Color
CF_15387488.txt	Keppner Consulting
CF_15387488.txt	Kodak Gray
CF_15387488.txt	Technical Name Oxalis
CF_15387488.txt	Pitt Spring
CF_15387488.txt	Altitude Collected
CF_15387488.txt	Lisa Keppner
CF_15387488.txt	Keppner Habitat
CF_15387488.txt	Label, Lewis Run,
CF_15383572.txt	Florida Solanum
CF_15383572.txt	Solanaceae Orange
CF_15383572.txt	Winter Park
CF_15383572.txt	Bishop Park
CF_15383572.txt	Marisa Tishman
CF_15383572.txt	Marisa Tishman
CF_15383229.txt	SHUEY
CF_15383229.txt	SHUEY
CF_15383375.txt	Discorea bulbifera
CF_15383375.txt	Air Yam Seminole County Wekiva
CF_15383375.txt	Forest Park Circle
CF_15383375.txt	Toni Calvino
CF_15383375.txt	Toni Calvino
CF_15383292.txt	SUMTER M Dioscorea floridana Bartlett 6 Growing
CF_15383292.txt	Lake Panasoffkee
CF_15383292.txt	South West Florida Water Management District
CF_15383292.txt	Lake Panasoffkee
CF_15383292.txt	Amy M. Jenkins
CF_15383292.txt	Kimberly Gulledge
CF_15383292.txt	Kodak Gray
CF_15382771.txt	Kodak 17 B
CF_15382771.txt	Roadside culvert,
CF_15382771.txt	Aenon Church Road
CF_15382771.txt	Mark Dietrich
CF_15387436.txt	L. Location
CF_15387436.txt	Pensacola,
CF_15387436.txt	Escambia Co. Other
CF_15387436.txt	Collector Mark Scheller
CF_15387436.txt	Grimm Determiner
CF_15387436.txt	Deborah A. Grimm
CF_15385252.txt	Natural History
CF_15385252.txt	Cuscuta Corgli Tengla
CF_15385252.txt	Cuscuta gronovii Willdenow
CF_15385252.txt	Allenton,
CF_15385252.txt	Sept.
CF_15385252.txt	N.L.T. Nelson
CF_15385252.txt	Florida State Museum, Gainesville, Florida
CF_15387309.txt	Physalis angulata L. Escambia
CF_15387309.txt	Parking Lot 46
CF_15387309.txt	With Melochia
CF_15387309.txt	James R. Burkhalter
CF_15384558.txt	Natural History
CF_15384558.txt	Solanum
CF_15384558.txt	dulcamara
CF_15384558.txt	Solanum Gulcamara
CF_15384558.txt	Solanum dulcamaria Northford
CF_15384558.txt	Northford
CF_15384558.txt	Florida State Museum, Gainesville, Florida
CF_15383552.txt	Solanum americanum Millo Solanaceae
CF_15383552.txt	Volusia Co.
CF_15383552.txt	Claudia Bielby
CF_15383553.txt	Florida Solanum
CF_15383553.txt	Solanaceae Brevard
CF_15383553.txt	Cathedral Pines Estates
CF_15383553.txt	Lloyd B. Dicke
CF_15383553.txt	Lloyd B. Dicke
CF_15385055.txt	Natural History
CF_15385055.txt	ANGULATA L,
CF_15385055.txt	Florida Physalis
CF_15385055.txt	L. Cultivated
CF_15385055.txt	Agricultural Research and Education Center
CF_15385055.txt	Bradenton, Manatee County
CF_15385055.txt	David Schuster
CF_15385055.txt	P. angulata L. Maggie Whitson
CF_15383261.txt	T205-R36E-9
CF_15383261.txt	A.G.SHUEY
CF_15383080.txt	A.G.SHUFY
CF_15383080.txt	A.G.SHUEY
CF_15383221.txt	Orange County
CF_15383221.txt	Sam Hopkins
CF_15387520.txt	Oxalis corniculata L. Florida, Okaloosa County, Fort Walton Beach
CF_15387520.txt	W86.617511 Date Febr
CF_15387520.txt	Ute Taylor
CF_15383244.txt	North Merritt Brand Brevard B
CF_15383244.txt	Glodes Morning Glory
CF_15383244.txt	Blo Borders
CF_15383851.txt	Oxalis debilis Kunth
CF_15383851.txt	Oxalidaceae Martin
CF_15383851.txt	Hobe Sound, East Ridge Estates
CF_15383851.txt	Bobo Court
CF_15383851.txt	Teddy Bremekamp
CF_15383851.txt	Teddy Bremekamp
CF_15383186.txt	Alafaya Trail
CF_15383186.txt	Orlando, Orange County
CF_15383186.txt	J Sam Hopkins
CF_15385875.txt	GAINESVILLE
CF_15385875.txt	PERIMENT
CF_15385875.txt	Natural History
CF_15385875.txt	Agricultural Experiment Station Plants
CF_15385875.txt	G.F. Mey Flowers
CF_15385875.txt	Gainesville, Alachua County
CF_15385875.txt	W.G.
CF_15382934.txt	Other Data
CF_15383274.txt	SHUEY
CF_15383274.txt	SHUEY
CF_15383154.txt	Brevard
CF_15383154.txt	Cuscuta Campestris Salontero
CF_15383154.txt	J Seymour
CF_15383385.txt	Dioscoreaceae Dioscorea
CF_15383385.txt	Mead Gardens, Winter Park
CF_15383385.txt	Eric Hoeppner
CF_15383385.txt	Eric Hoeppner
CF_15383262.txt	A.G.SHUEY
CF_15383262.txt	A.G.SHUEY
CF_15385678.txt	FLORIDA
CF_15385678.txt	GAINESVILLE
CF_15385678.txt	Natural History
CF_15385678.txt	Agricultural Experiment Station Plants
CF_15385678.txt	Ipomoea hederifolia L. Flowers
CF_15385678.txt	Lake Alice, University of Florida campus, Gainesville, Alachua County
CF_15385678.txt	W.G.
CF_15383878.txt	Oxalidaceae Morse Blvd
CF_15383878.txt	Winter Park
CF_15383878.txt	Violet Brown
CF_15383512.txt	Florida Physalis
CF_15383512.txt	L. Solanaceae
CF_15383512.txt	Rock Springs Run State Reserve
CF_15383512.txt	Samuel B. Hopkins
CF_15383512.txt	Samuel B. Hopkins
CF_15383408.txt	Florida State
CF_15383408.txt	Kodak Gray
CF_15383408.txt	A Family Solanaceae Scientific Name Physalis
CF_15383408.txt	Locality Hdgro
CF_15383408.txt	Refuge, Waleulla
CF_15383286.txt	L.)G. Mey Convolvulacaeae Orange
CF_15383286.txt	Long Bluff
CF_15383286.txt	mile
CF_15383286.txt	Powerline
CF_15383286.txt	Dylan M. Lanser
CF_15383286.txt	Dylan M. Lanser
CF_15383441.txt	M.D. Box 262 Altamonte Springs, Florida
CF_15383270.txt	Island Brevard
CF_15383270.txt	Ipomoea pes-Caprae
CF_15383270.txt	Hally Railroad
CF_15382966.txt	, University of Central Florida
CF_15382966.txt	Florida Calystegia
CF_15382966.txt	Greene)Brummitt Convolvulaceae Orange
CF_15382966.txt	Tosohatchee Wildlife Management
CF_15382966.txt	N
CF_15382966.txt	a Peruvian Primrose
CF_15382966.txt	Karl Tschiegg
CF_15382966.txt	Karl Tschiegg
CF_15385228.txt	Natural History
CF_15385228.txt	Linnaeus) R. Brown
CF_15385228.txt	Polk County
CF_15385228.txt	South Blvd
CF_15385228.txt	Avon Park
CF_15385228.txt	Lake Arbuckle
CF_15385228.txt	, T32S, R30E. Carmel
CF_15385228.txt	Betty Wargo
CF_15383469.txt	Physalis viscosa L. var
CF_15383469.txt	Waterfall Solanaceae Edge
CF_15383469.txt	Tampa Bay, S.W.
CF_15383469.txt	Memorial Highway, Tampa, Hillsborough
CF_15383469.txt	Kathleen Munroe
CF_15383469.txt	Whittier April
CF_15383827.txt	Orlando, Orange County
CF_15383827.txt	Barbara kphler Barbara Kohler
CF_15383571.txt	Florida Solanum
CF_15383571.txt	Solanaceae Orange
CF_15383571.txt	Orlando Pointe
CF_15383571.txt	Asia Barachina
CF_15383571.txt	Asia Barachina
CF_15383325.txt	Lake Miccosukoo
CF_15383325.txt	Lake Miccosukee
CF_15383325.txt	Judge Hopkins
CF_15383325.txt	, T2N R3E.
CF_15383325.txt	K. Craddock Burks
CF_15383504.txt	Physalis arenicola
CF_15383504.txt	Solanaceae Collected
CF_15383504.txt	Clifford Shedd
CF_15383540.txt	Arec Sanford
CF_15383540.txt	Seminole County
CF_15383540.txt	H.C. Murray
CF_15386141.txt	Natural History
CF_15386141.txt	Agricultural Experiment
CF_15386141.txt	Cedar Key, Levy County
CF_15386141.txt	L. Baltzell#8547
CF_15387563.txt	O. DILLENI
CF_15387563.txt	T. Re
CF_15387563.txt	Small Escambia
CF_15387563.txt	Deborah J. Moore
CF_15383490.txt	North Merritt Island Brevard
CF_15383073.txt	Ipomoea cordatotriloba Convolvulaceae
CF_15383073.txt	Michelle Alexander
CF_15383844.txt	Oxalis debilis Kunth
CF_15383844.txt	Oxalidaceae Orange
CF_15383844.txt	Tosohatchee Wildlife Management
CF_15383844.txt	Megan Weeks
CF_15383844.txt	Megan Weeks
CF_15383793.txt	Oxalidacede Plant
CF_15383793.txt	Gholson, Tr
CF_15383793.txt	T6N, Rqw, Late Seminole, Jeckson
CF_15383793.txt	Rich,
CF_15383793.txt	Mantacdulescent, the scopes and leaves bosal; herbage glabrous; leaves lacking callosities; flower Dlant
CF_15383793.txt	Pinkish-
CF_15383217.txt	LEADING
CF_15383217.txt	SHUEY
CF_15383217.txt	SHUEY
CF_15382842.txt	Kodak Gray
CF_15382842.txt	August 1984 Loran C. Anderson
CF_15383152.txt	T225-R37E-18
CF_15383152.txt	SHUEY
CF_15383802.txt	Kodak Color Control Patches
CF_15383802.txt	stricta L. Procumbent
CF_15383802.txt	Kodak Gray
CF_15383802.txt	Oxalis Dilleni Jacquin
CF_15383802.txt	New York Botanical Garden
CF_15387304.txt	Petunia violacea Lindl
CF_15387304.txt	Walton Co., Defuniak Springs
CF_15387304.txt	Oaklawn Dr. Neglected
CF_15387304.txt	Physalis angulata, Mollugo ver-
CF_15387304.txt	James R. Burkhalter
CF_15383592.txt	Solandra
CF_15383592.txt	Solanaceae Homesite
CF_15383592.txt	Kingswood Manor
CF_15383592.txt	Orange County
CF_15383592.txt	Violet Brown
CF_15383683.txt	Kodak 3/
CF_15383683.txt	Oxalis debilis Kunth
CF_15383683.txt	corymbosa
CF_15383683.txt	Kodak Gray
CF_15383683.txt	Apalachicola River
CF_15383683.txt	, R8W, SE1/4
CF_15383683.txt	Loran C. Anderson
CF_15383683.txt	Florida State University
CF_15383892.txt	L. Oxalidaceae
CF_15383892.txt	Cathedral Pines Estates
CF_15383892.txt	Lloyd B. Dicke
CF_15383892.txt	Lloyd B. Dicke
CF_15387615.txt	L. Oxalidaceae Orange
CF_15387615.txt	Khai Huynh
CF_15387615.txt	Khai Huynh
CF_15386341.txt	Natural History
CF_15386341.txt	Florida Gainesville, Florida,
CF_15386341.txt	f. Alachua
CF_15386341.txt	Robert Ing
CF_15383377.txt	Florida Dioscorea bulbifera L. Dioscoreaceae Hardee
CF_15383377.txt	Bowling Green
CF_15385307.txt	GAINESVILLE
CF_15385307.txt	Natural History
CF_15385307.txt	Cuscuta gronovii Willd
CF_15385307.txt	B. WARD
CF_15385307.txt	Agricultural Experiment Station Plants
CF_15385307.txt	Choisy Flowers
CF_15385307.txt	Bivens Arm at
CF_15385307.txt	Alachua County
CF_15385333.txt	Natural History
CF_15385333.txt	Choisy Bruce F. Hansen
CF_15385333.txt	Welaka, Putnam County
CF_15384532.txt	Natural History
CF_15384532.txt	Expl Young
CF_15384532.txt	Alochna Physalis
CF_15384532.txt	angulata Plytalis
CF_15384532.txt	Prie land Barnesville
CF_15383537.txt	Valencia College
CF_15383537.txt	Beverly Spilker
CF_15384024.txt	quamoclit L. Santa Rosa
CF_15384024.txt	Billy Bob
CF_15384024.txt	With Ipomoea
CF_15384024.txt	James R. Burkhad
CF_15385082.txt	Natural History
CF_15385082.txt	Physalis angustifolia Nuttall Gulf
CF_15385082.txt	St. Joe Beach, Dunes
CF_15385082.txt	Opuntia, Cnidoscolus, Yucca
CF_15385082.txt	Janet R. Sullivan
CF_15383237.txt	Ipomoea sagittata Poir
CF_15383237.txt	Morning glory Rock Springs Run State Reserve, Orange County
CF_15383237.txt	Sam Hopkins
CF_15383949.txt	Ipomoea macrorhiza Michx
CF_15383949.txt	Escambia Co., near Pensacola
CF_15383949.txt	E
CF_15383949.txt	Shoal Creek
CF_15383949.txt	With Clematis
CF_15383949.txt	James R. Burkhalter
CF_15387197.txt	J. F. Gmelin Escambia
CF_15387197.txt	Thompson's Bayou
CF_15387197.txt	James R. Burkhalter
CF_15383890.txt	L. Oxalidaceae Orange
CF_15383890.txt	Scott M. Livingston
CF_15383890.txt	Scott M. Livingston
CF_15388281.txt	P Bonamia
CF_15388281.txt	Jacksonville, Florida
CF_15388281.txt	Legit A. H.
CF_15383697.txt	Oxalis martiana Zucc
CF_15383697.txt	Myers Park
CF_15383697.txt	Kodak Gray
CF_15383697.txt	Oxalis debilis Kunth
CF_15383697.txt	Lourteig Miranda Davis
CF_15383594.txt	Florida Solandra
CF_15383594.txt	Solanaceae Orange
CF_15383594.txt	Leeway Dr.
CF_15383594.txt	Kingswood Manor
CF_15383594.txt	Violet Brown
CF_15383594.txt	Violet Brown
CF_15383372.txt	GROWING
CF_15383372.txt	SHUEY
CF_15383372.txt	SHUEY
CF_15387118.txt	Name Dioscorea
CF_15387118.txt	L. Location Escambia
CF_15387118.txt	About i
CF_15387118.txt	Spanish Trail
CF_15387118.txt	Other Data Waste
CF_15387118.txt	With Oenothera
CF_15387118.txt	James R. Burkhalter
CF_15386938.txt	Natural History
CF_15386938.txt	Florida Gainesville, Florida,
CF_15386938.txt	PRESERVE Oxalis
CF_15386938.txt	S. of Gainesville
CF_15386938.txt	T10S, R20E, sec 22, S
CF_15386938.txt	Hammock to N.E. of Alachua Sink
CF_15386938.txt	Alachua
CF_15386938.txt	Sink
CF_15386938.txt	Janet C.
CF_15386938.txt	Easterday
CF_15387374.txt	West Florida Plants
CF_15387374.txt	Physalis pubescens L. Escambia
CF_15387374.txt	, Escambia Riv Wat Mgt District
CF_15387374.txt	Salter Lake
CF_15387374.txt	E
CF_15387374.txt	Escambia River
CF_15387374.txt	T5N, R30W, Sec 17
CF_15387374.txt	August 2010
CF_15387374.txt	Michael J. Jordan
CF_15383086.txt	Sweet Convolvulaceae Orange
CF_15383086.txt	Lourdes Rios
CF_15383086.txt	Lourdes Rios
CF_15383837.txt	Florida Oxalis
CF_15383837.txt	Kunth Oxalidaceae Brevard
CF_15383837.txt	Palm Bay
CF_15383837.txt	Angle Street
CF_15383837.txt	Asia Barachina
CF_15383837.txt	Asia Barachina
CF_15387109.txt	Myint Convolvulaceae Orange
CF_15387109.txt	Wekiwa Springs State Park
CF_15387109.txt	Burn Zone
CF_15387109.txt	Brian R. Beckage
CF_15387109.txt	Brian R. Beckage
CF_15387109.txt	Central Florida Sandhills
CF_15387109.txt	_ Stilismo
CF_15383249.txt	L. Convolvulaceae Seminole
CF_15383249.txt	Samuel B. Hopkins
CF_15383249.txt	Samuel B. Hopkins
CF_15383214.txt	Ipomoea dissecta Sandy
CF_15383214.txt	Seminole County
CF_15383214.txt	Frances Gwaltney
CF_15383930.txt	Ipomoea carnea Jacq
CF_15383930.txt	Escambia Co., near Pensacola
CF_15383930.txt	Ellyson Industrial
CF_15383930.txt	Roe St.
CF_15383930.txt	S America
CF_15383930.txt	Pensacola area
CF_15383930.txt	James R. Burkhalter
CF_15383147.txt	Convolvulaceae Palm Beach
CF_15383203.txt	Hallier F. Convolvulaceae Orange
CF_15383203.txt	Weber Strect
CF_15383203.txt	Amethyst Strickland
CF_15383203.txt	Amethyst Strickland
CF_15384692.txt	Natural History
CF_15384692.txt	Agricultural Experiment Station Plants
CF_15384692.txt	St. Marks Lighthouse
CF_15384692.txt	Wakulla County
CF_15384692.txt	Ted M. Jones
CF_15385937.txt	Natural History
CF_15385937.txt	Agricultural Experiment Station Plants
CF_15385937.txt	T3S, RZE, Taylor County
CF_15383334.txt	houett Williams
CF_15383334.txt	Herbarium Dioscorea
CF_15384101.txt	Kevin Hardin
CF_15383233.txt	SHUEY
CF_15383233.txt	SHUEY
CF_15383470.txt	Physalis ?
CF_15383470.txt	Casselberry,
CF_15383470.txt	John Birkheimer
CF_15385662.txt	Natural History
CF_15385662.txt	Polk County
CF_15385662.txt	South Blvd
CF_15385662.txt	Avon Park
CF_15385662.txt	Lake Arbuckle
CF_15383547.txt	Solanaceae Seminole
CF_15383547.txt	Lydia Knapp
CF_15383547.txt	Lydia Knapp
CF_15383616.txt	Black Hammock
CF_15383616.txt	Paul Lessard
CF_15383616.txt	Paul Lessard
CF_15383008.txt	Convolvulaceae Brevard
CF_15383008.txt	Ruth Murray
CF_15383502.txt	Florida Physalis
CF_15383502.txt	Solanaceae Orange
CF_15383502.txt	Wekiva Springs State Park
CF_15383502.txt	Saima Zoffer
CF_15383502.txt	Saima Zoffer
CF_15383579.txt	Florida Solanum
CF_15383579.txt	Solanaceae Hillsborough
CF_15383579.txt	Knights Griffin Road, Fruits
CF_15383579.txt	“American Black
CF_15383579.txt	Jessica Kenyon
CF_15383579.txt	Jessica Kenyon
CF_15385188.txt	Natural History
CF_15385188.txt	Agricultural Experiment Station Plants
CF_15385188.txt	Tryon Petals
CF_15385188.txt	Arcadia, S35
CF_15385188.txt	T. Myint
CF_15385188.txt	Brummitt Tin Myint
CF_15383671.txt	Lake Miccosuke
CF_15383671.txt	Cypress Landing
CF_15383671.txt	T2N R3E.
CF_15383671.txt	K. Craddock Burks
CF_15387252.txt	LYCO PERSICON
CF_15387252.txt	Florida Lycopersicon
CF_15387252.txt	Escambia Co., N
CF_15387252.txt	J. R. Burkhaltor
CF_15387252.txt	J. A. Edmisten
CF_15382995.txt	Florida Calystegia
CF_15382995.txt	Convolvulaceae Orange
CF_15382995.txt	Tosohatchee Wildlife Management
CF_15382995.txt	Taylor Creek
CF_15382995.txt	Marisa Tishman
CF_15382995.txt	Marisa Tishman
CF_15383101.txt	Ipomoea alba L. Moonflowers Disney
CF_15383101.txt	Brevard Beaches, Brevard County, Florida
CF_15383101.txt	Fred Harden
CF_15383101.txt	Sam Hopkins
CF_15383500.txt	Physalis arenicola Kearney
CF_15383500.txt	Solanaceae Orange
CF_15383500.txt	East-West Highway
CF_15383500.txt	Kirkman Rd
CF_15383500.txt	Samuel B. Hopkins
CF_15383500.txt	Samuel B. Hopkins
CF_15383549.txt	Florida Solanum
CF_15383549.txt	Solanaceae Seminole
CF_15383549.txt	Joan Candalino
CF_15383549.txt	Courtney Knickerbocker
CF_15385819.txt	FLORIDA
CF_15385819.txt	Natural History
CF_15385819.txt	Ipomoea congesta R. Br
CF_15385819.txt	Agricultural Experiment Station Plants
CF_15385819.txt	, Monroe County
CF_15385819.txt	J. F. Calvert
CF_15383205.txt	J Hammock
CF_15384075.txt	Gray Stylisma
CF_15384075.txt	Location Escambia
CF_15384075.txt	Marlane Dr. Other
CF_15384075.txt	Jerry W. Haveard
CF_15383219.txt	Ipomoea volaceae Convoluceae Palm Beach
CF_15383219.txt	Boca Raton
CF_15383219.txt	Lyons Rd
CF_15383219.txt	Pravin Nanayakkara
CF_15383219.txt	Pravin Nanayakkara
CF_15382975.txt	Convolvulaceae Orange
CF_15382975.txt	Tosohatchee Wildlife Management Area, Powerline
CF_15382975.txt	Andrew J. Lawrence
CF_15382975.txt	Andrew J. Lawrence
CF_15384003.txt	Name Ipomoea Location Escambia
CF_15384003.txt	Brainerd St.
CF_15384003.txt	W. Other Data Private
CF_15384003.txt	James R. Barkhalter
CF_15383397.txt	Kodak 17 B
CF_15383397.txt	Datura suaveolens Humb
CF_15383397.txt	Tallahassee PLANTS
CF_15383397.txt	Kodak Gray
CF_15383397.txt	Leon Datura
CF_15383397.txt	Sally Lexow
CF_15383397.txt	Sally Lexow
CF_15385150.txt	Natural History
CF_15385150.txt	Highlands County
CF_15385150.txt	Arbuckle Marsh
CF_15385150.txt	Avon Park
CF_15385150.txt	Lake Arbuckle
CF_15385502.txt	Natural History
CF_15385502.txt	Agricultural Experiment Station Plants
CF_15385502.txt	R26E, Polk-Lake County
CF_15385502.txt	Tin Myint
CF_15385502.txt	sericeus
CF_15387233.txt	Name Datura
CF_15387233.txt	L. Location Escambia
CF_15387233.txt	Mallory St. Other Data Open
CF_15387233.txt	With Solanum
CF_15387233.txt	James R. Burkhalter
CF_15383142.txt	J.Daubenmire Lake
CF_15383142.txt	Convolvulaceae Lake
CF_15383435.txt	Lycium Carolinianwme Common Name Christmas Gerry
CF_15385900.txt	Natural History
CF_15385900.txt	Agricultural Experiment Station Plants
CF_15385900.txt	G. F. W.
CF_15385900.txt	S12
CF_15385900.txt	RILE, Gilchrist County
CF_15385900.txt	T. Myint
CF_15387337.txt	Florida Physalis
CF_15387337.txt	L. Okaloosa
CF_15387337.txt	With Amaranthus
CF_15387337.txt	N
CF_15387337.txt	James A. Burkhalter
CF_15387463.txt	Florida Solanum Escambia
CF_15387463.txt	N. Palafox St. Weedy
CF_15387463.txt	With Bidens
CF_15387463.txt	James R. Burkhalter
CF_15384944.txt	Natural History
CF_15384944.txt	Agricultural Experiment Station Plants
CF_15384944.txt	Eastern Sanibel
CF_15384944.txt	W.C.
CF_15388196.txt	Natural History
CF_15388196.txt	Middleton Fish Camp
CF_15388196.txt	T32S, R36E
CF_15388196.txt	Swampy, wooded lake margin, with Taxodium, Annona
CF_15388196.txt	Bruce Hansen, R.P.Wunderlin & George Robinson
CF_15388196.txt	Seal Copyright State
CF_15383197.txt	Bruce F. Hansen
CF_15383197.txt	Stylisma Convolvulaceae Lake
CF_15383197.txt	Park
CF_15383197.txt	Walter Kingsley Taylor
CF_15383197.txt	Walter Kingsley Taylor
CF_15382958.txt	Florida
CF_15382958.txt	Lake Jessef Sexinde a Flat
CF_15383991.txt	Florida Ipomoea
CF_15383991.txt	, Miami Beach
CF_15383991.txt	E of Collins
CF_15383991.txt	St. North Shore
CF_15383991.txt	With Canavalia
CF_15383991.txt	James R. Burkhalter
CF_15387151.txt	Florida Dioscorea bulbifera L. Escambia
CF_15387151.txt	Escaped, naturalized and
CF_15387151.txt	J. R. Burkhalter
CF_15387151.txt	S. B. Lacina
CF_15383974.txt	Ironoom PANDURA
CF_15383974.txt	J.R. BURICHARTOR
CF_15383974.txt	Pensacola,
CF_15383974.txt	Escambia Co. Other Data Exposed
CF_15383974.txt	Twining/
CF_15383974.txt	Mark Schieller
CF_15384052.txt	L.) Griseb
CF_15384052.txt	Escambia County, Intersection W. S+
CF_15384052.txt	Stumpfield Road
CF_15384052.txt	Michael Pearson
CF_15383269.txt	Convolvulaceae Ipomoea
CF_15383269.txt	A Near Jonathan Dickinson State Park, Hobe Sound, Florida
CF_15383269.txt	Douglas Johnson
CF_15385708.txt	FLORIDA
CF_15385708.txt	STATIO
CF_15385708.txt	Natural History
CF_15385708.txt	ALAMU Convolvulaceae Ipomoea
CF_15385708.txt	Once Hillsborough
CF_15385708.txt	Sandhill Community
CF_15385708.txt	Ruben P. Sauleda
CF_15385708.txt	Seal Copyright State
CF_15382927.txt	Name Ipomoea Location Atwood Drive
CF_15382927.txt	Other Data
CF_15383875.txt	Oxalidaceae Prarie Lakes State Park
CF_15387554.txt	Florida Oxalis
CF_15387554.txt	Escambia County
CF_15387554.txt	ERDC Building Associated
CF_15387554.txt	Delia M. Rollins
CF_15383588.txt	Waste places,
CF_15383588.txt	Oviedo,
CF_15383588.txt	Sweetwater Park
CF_15383588.txt	Ellen M. Kirkland
CF_15385253.txt	Natural History
CF_15385253.txt	E
CF_15385253.txt	Allenton, Mo.
CF_15385253.txt	Sept.
CF_15385253.txt	Florida State Museum, Gainesville, Florida
CF_15383113.txt	IPOMOEA
CF_15383113.txt	ALBA L. BREVD
CF_15383113.txt	SHUEY
CF_15383113.txt	SHUEY
CF_15382928.txt	Florida
CF_15383575.txt	Florida Solanum
CF_15383575.txt	Solanaceae Orange
CF_15383575.txt	Winter Park
CF_15383575.txt	Bishop Park
CF_15383575.txt	Marisa Tishman
CF_15383575.txt	Marisa Tishman
CF_15383395.txt	Florida Dioscorea bulbifera L. Dioscoreaceae Orange
CF_15383395.txt	Winter Park
CF_15383395.txt	Bishop Park
CF_15383395.txt	Fruit a
CF_15383395.txt	Marisa Tishman
CF_15383395.txt	Marisa Tishman
CF_15383589.txt	Sweetwater Park
CF_15383589.txt	Stephen Bridgland
CF_15383589.txt	Stephen Bridgland
CF_15385012.txt	Natural History
CF_15385012.txt	Lycium carolinianum Walt
CF_15385012.txt	Sanibel Island, J.N. "Ding" Darling National Wildlife Refuge
CF_15385012.txt	Woodring's Point
CF_15385012.txt	San Carlos
CF_15385012.txt	WARD R.P.Wunderlin, A. Arcuri
CF_15385012.txt	Seal Copyright
CF_15387552.txt	Florida Oxalis
CF_15387552.txt	Escambia Co., near Pensacola
CF_15387552.txt	With Veronica
CF_15387552.txt	James R. Burkhalter
CF_15383392.txt	Dioscoreaceae Dioscorea bulbifera Eustis, Lake
CF_15383392.txt	Frances Gwaltney
CF_15383019.txt	Rockledge, Florida
CF_15383019.txt	Lorraine Brunk
CF_15383530.txt	Florida Solanum
CF_15383530.txt	L. Solanaceae Orlando
CF_15383530.txt	Gemenii
CF_15383530.txt	Gemenii
CF_15383530.txt	Alex Griffel
CF_15383530.txt	Alex Griffel
CF_15385116.txt	Natural History
CF_15385116.txt	Gainesville, Florida, U.S.A.
CF_15385116.txt	Lycium carolinianum Walt
CF_15385116.txt	Dave Flietner
CF_15385116.txt	D. Flietner
CF_15383520.txt	Petunia hybridia Petunia
CF_15383520.txt	Beatrice Drive Kingswood Manor
CF_15383520.txt	Deborah Bouch
CF_15383520.txt	Deborah Bouch
CF_15387266.txt	Escambia Co., Pensacola
CF_15387266.txt	James R. Bu
CF_15383635.txt	Kodak 3/Color
CF_15383635.txt	Oxalis articulata Savigny
CF_15383635.txt	Keppner Consulting
CF_15383635.txt	Kodak Gray
CF_15383635.txt	Technical Name Oxalis
CF_15383635.txt	Locality Bay
CF_15383635.txt	Keppner Identified
CF_15383872.txt	Oxalis Corymbosum
CF_15383872.txt	Oviedo Violet Wood Sorrel
CF_15383872.txt	Clay Scherer
CF_15382957.txt	Ipomera pagiltata Found in Brevard County
CF_15382957.txt	Pluckabum Road
CF_15382957.txt	Barbara Kohler Barbara Kohler
CF_15382948.txt	Hedge bindweed Oviedo, Seminole Coumty
CF_15382948.txt	Sam Hopkins
CF_15383227.txt	SHUEY
CF_15383227.txt	SHUEY
CF_15383884.txt	L. Oxalidaceae Orange
CF_15383884.txt	Lourdes Rios
CF_15383884.txt	Lourdes Rios
CF_15383051.txt	Ipomea Leari Ortho Reaserch Farm, Ocoee I. HEDERACEA
CF_15383051.txt	James Wojciak
CF_15383051.txt	James Wojciak
CF_15385908.txt	Natural History
CF_15385908.txt	Agricultural Experiment Station Plants
CF_15385908.txt	Silt, T2N, R5E, Jefferson County
CF_15385908.txt	T. Myint
CF_15383042.txt	SHUEY
CF_15383042.txt	SHUEY
CF_15386797.txt	FLORIDA
CF_15386797.txt	Natural History
CF_15386797.txt	Agricultural Experiment Station Plants
CF_15386797.txt	, Sparr, Marion County
CF_15386797.txt	J. Glisson
CF_15383947.txt	Ipomoea hederifolia L. Santa Rosa
CF_15383947.txt	Billy Bob
CF_15383947.txt	With Ipomoea
CF_15383947.txt	James R. Burkhalter
CF_15383810.txt	SANTA Rosa Country
CF_15383810.txt	Hwy.48 Gulf Breeze
CF_15383810.txt	Pensacola Bay
CF_15383810.txt	Damon Black
CF_15383288.txt	Calonyction Aculeatum
CF_15383288.txt	Brevard County
CF_15383288.txt	Barbara Kohler
CF_15383288.txt	Barbara Kohler
CF_15383223.txt	A.G.SHUFY
CF_15383223.txt	A G
CF_15383787.txt	Kodak 3/Color
CF_15383787.txt	A. St.-Hil
CF_15383787.txt	Hoffmann, ex Zucc
CF_15383787.txt	Lourteig Oxalis
CF_15383787.txt	Kodak Gray
CF_15383787.txt	N, Long
CF_15383787.txt	Elinor K Talllahassee
CF_15383787.txt	Loran C. Anders
CF_15383877.txt	Oxalidaceae Prarie Lakes
CF_15383877.txt	State Park
CF_15383830.txt	Oxalis violaceae Oxalidaceae Seminole County, Florida I.F.A.S. Station,
CF_15383830.txt	Sanford
CF_15383830.txt	Bruce McDonell
CF_15384056.txt	Flora of
CF_15384056.txt	Santa Rosa Island Jacquemontia
CF_15384056.txt	Okaloosa Co.
CF_15384056.txt	Walton Beach
CF_15384056.txt	Okaloosa Island
CF_15384056.txt	Santa Rosa
CF_15384056.txt	Santa Rosa Blvd
CF_15384056.txt	Miracle Strip Prkwy
CF_15384056.txt	Weedy gras-
CF_15384056.txt	With Cenchrus
CF_15384056.txt	James R. Burkhalter
CF_15384823.txt	Natural History
CF_15384823.txt	Agricultural Experiment Station Plants
CF_15384823.txt	Grand Ridge
CF_15384823.txt	W.G.
CF_15383082.txt	Sweet CONVOLVULACEAE St. Petersburg
CF_15383082.txt	Sam Hopkins
